GROUP,PACKAGE,CLASS,INSTRUCTION_MISSED,INSTRUCTION_COVERED,BRANCH_MISSED,BRANCH_COVERED,LINE_MISSED,LINE_COVERED,COMPLEXITY_MISSED,COMPLEXITY_COVERED,METHOD_MISSED,METHOD_COVERED
Inventory POS Service,com.masterclass.inventory.entity,ProductStatus,0,21,0,0,0,1,0,1,0,1
Inventory POS Service,com.masterclass.inventory.entity,Sale,0,9,0,0,0,1,0,1,0,1
Inventory POS Service,com.masterclass.inventory.entity,Product,5,18,1,1,0,1,1,2,0,2
Inventory POS Service,com.masterclass.inventory.entity,MovementType,0,27,0,0,0,1,0,1,0,1
Inventory POS Service,com.masterclass.inventory.security,SecurityConfig,63,0,0,0,1,0,5,0,5,0
Inventory POS Service,com.masterclass.inventory.dto,ProductDtos.ProductRequest,0,27,0,0,0,1,0,1,0,1
Inventory POS Service,com.masterclass.inventory.dto,ReportDtos.ProductInventoryReport,0,24,0,0,0,1,0,1,0,1
Inventory POS Service,com.masterclass.inventory.dto,ReportDtos,3,0,0,0,1,0,1,0,1,0
Inventory POS Service,com.masterclass.inventory.dto,InventoryDtos.InventoryCommand,0,12,0,0,0,1,0,1,0,1
Inventory POS Service,com.masterclass.inventory.dto,ProductDtos.ProductResponse,0,33,0,0,0,1,0,1,0,1
Inventory POS Service,com.masterclass.inventory.dto,ReportDtos.DailySalesReport,0,12,0,0,0,1,0,1,0,1
Inventory POS Service,com.masterclass.inventory.dto,SaleDtos.SaleDetailResponse,0,21,0,0,0,1,0,1,0,1
Inventory POS Service,com.masterclass.inventory.dto,CategoryDtos.CategoryRequest,9,0,0,0,1,0,1,0,1,0
Inventory POS Service,com.masterclass.inventory.dto,ProductDtos,3,0,0,0,1,0,1,0,1,0
Inventory POS Service,com.masterclass.inventory.dto,CategoryDtos.CategoryResponse,12,0,0,0,1,0,1,0,1,0
Inventory POS Service,com.masterclass.inventory.dto,CategoryDtos,3,0,0,0,1,0,1,0,1,0
Inventory POS Service,com.masterclass.inventory.dto,SaleDtos.SaleResponse,0,15,0,0,0,1,0,1,0,1
Inventory POS Service,com.masterclass.inventory.dto,SaleDtos.SaleRequest,0,6,0,0,0,1,0,1,0,1
Inventory POS Service,com.masterclass.inventory.dto,InventoryDtos.MovementResponse,0,24,0,0,0,1,0,1,0,1
Inventory POS Service,com.masterclass.inventory.dto,InventoryDtos,3,0,0,0,1,0,1,0,1,0
Inventory POS Service,com.masterclass.inventory.dto,SaleDtos,3,0,0,0,1,0,1,0,1,0
Inventory POS Service,com.masterclass.inventory.dto,SaleDtos.SaleItemRequest,0,9,0,0,0,1,0,1,0,1
Inventory POS Service,com.masterclass.inventory.dto,InventoryDtos.AdjustmentCommand,0,15,0,0,0,1,0,1,0,1
Inventory POS Service,com.masterclass.inventory.controller,ReportController,22,0,2,0,4,0,5,0,4,0
Inventory POS Service,com.masterclass.inventory.controller,CategoryController,18,0,0,0,1,0,3,0,3,0
Inventory POS Service,com.masterclass.inventory.controller,SaleController,17,0,0,0,3,0,3,0,3,0
Inventory POS Service,com.masterclass.inventory.controller,InventoryController,21,0,0,0,3,0,3,0,3,0
Inventory POS Service,com.masterclass.inventory.controller,ProductController,29,0,0,0,6,0,5,0,5,0
Inventory POS Service,com.masterclass.inventory.configuration,OpenApiConfig,17,0,0,0,1,0,2,0,2,0
Inventory POS Service,com.masterclass.inventory,InventoryPosApplication,8,0,0,0,1,0,2,0,2,0
Inventory POS Service,com.masterclass.inventory.mapper,SaleMapperImpl,10,0,0,0,2,0,2,0,2,0
Inventory POS Service,com.masterclass.inventory.mapper,ProductMapperImpl,25,0,0,0,5,0,5,0,5,0
Inventory POS Service,com.masterclass.inventory.mapper,CategoryMapperImpl,15,0,0,0,3,0,3,0,3,0
Inventory POS Service,com.masterclass.inventory.mapper,SaleMapper,25,0,0,0,1,0,2,0,2,0
Inventory POS Service,com.masterclass.inventory.exception,GlobalExceptionHandler,60,0,0,0,1,0,7,0,7,0
Inventory POS Service,com.masterclass.inventory.exception,BusinessException,0,4,0,0,0,1,0,1,0,1
Inventory POS Service,com.masterclass.inventory.exception,ApiError,18,0,0,0,1,0,1,0,1,0
Inventory POS Service,com.masterclass.inventory.exception,NotFoundException,0,4,0,0,0,1,0,1,0,1
Inventory POS Service,com.masterclass.inventory.service,SaleService,0,167,1,9,0,37,1,9,0,5
Inventory POS Service,com.masterclass.inventory.service,ProductService,23,163,2,6,1,29,4,11,3,8
Inventory POS Service,com.masterclass.inventory.service,ReportService,3,95,2,2,1,23,2,6,0,6
Inventory POS Service,com.masterclass.inventory.service,CategoryService,62,0,2,0,1,0,5,0,4,0
Inventory POS Service,com.masterclass.inventory.service,InventoryService,15,171,4,16,2,43,3,13,0,6
